date,weather_code,temperature_2m_mean,sunrise,sunset,daylight_duration,sunshine_duration,rain_sum,precipitation_hours,wind_speed_10m_max
2023-01-01,1.0,25.016914,0,0,41029.598,38348.76,0.0,0.0,16.203999
2023-01-02,1.0,24.554419,0,0,41040.44,37221.246,0.0,0.0,16.071491
2023-01-03,1.0,24.248169,0,0,41052.26,38375.438,0.0,0.0,15.778516
2023-01-04,0.0,23.660667,0,0,41065.04,38390.406,0.0,0.0,14.291592
2023-01-05,1.0,24.081503,0,0,41078.74,38406.418,0.0,0.0,14.003028
2023-01-06,1.0,25.014833,0,0,41093.336,38423.445,0.0,0.0,13.896187
2023-01-07,0.0,26.196081,0,0,41108.812,38441.44,0.0,0.0,16.09969
2023-01-08,1.0,27.0315,0,0,41125.133,38460.387,0.0,0.0,17.072504
2023-01-09,1.0,26.319,0,0,41142.277,38480.246,0.0,0.0,20.3774
2023-01-10,1.0,26.539835,0,0,41160.215,38489.438,0.0,0.0,17.49615
2023-01-11,0.0,25.904417,0,0,41178.926,38475.445,0.0,0.0,15.273505
2023-01-12,1.0,25.643997,0,0,41198.375,38462.555,0.0,0.0,12.229406
2023-01-13,1.0,25.87525,0,0,41218.54,38450.816,0.0,0.0,13.276144
2023-01-14,1.0,25.277334,0,0,41239.4,38440.28,0.0,0.0,14.24163
2023-01-15,1.0,25.335669,0,0,41260.92,38431.008,0.0,0.0,14.33234
2023-01-16,1.0,25.773165,0,0,41283.09,38423.06,0.0,0.0,15.629971
2023-01-17,0.0,25.944,0,0,41305.867,38416.48,0.0,0.0,14.494192
2023-01-18,0.0,25.696083,0,0,41329.28,38411.31,0.0,0.0,14.48972
2023-01-19,0.0,25.954416,0,0,41353.598,38407.33,0.0,0.0,14.264361
2023-01-20,1.0,26.541916,0,0,41378.81,38404.44,0.0,0.0,12.261158
2023-01-21,1.0,27.087746,0,0,41404.883,38402.645,0.0,0.0,9.904906
2023-01-22,1.0,28.23358,0,0,41431.77,38401.92,0.0,0.0,10.233123
2023-01-23,1.0,27.583582,0,0,41459.434,38402.266,0.0,0.0,12.429127
2023-01-24,2.0,29.296087,0,0,41487.82,36463.81,0.0,0.0,9.585739
2023-01-25,2.0,30.077333,0,0,41516.902,38238.977,0.0,0.0,10.948973
2023-01-26,1.0,30.137749,0,0,41546.633,38236.484,0.0,0.0,16.78156
2023-01-27,1.0,28.575249,0,0,41576.965,37704.734,0.0,0.0,19.296135
2023-01-28,1.0,26.841919,0,0,41607.863,38419.516,0.0,0.0,16.1198
2023-01-29,1.0,23.829416,0,0,41639.29,38426.004,0.0,0.0,12.879752
2023-01-30,1.0,24.452332,0,0,41671.203,38433.477,0.0,0.0,14.618837
2023-01-31,1.0,25.58983,0,0,41703.562,38441.93,0.0,0.0,13.281023
2023-02-01,1.0,26.70858,0,0,41736.332,38451.35,0.0,0.0,13.324863
2023-02-02,1.0,27.477333,0,0,41769.473,38355.934,0.0,0.0,12.7279215
2023-02-03,1.0,27.210665,0,0,41802.95,38473.08,0.0,0.0,16.62249
2023-02-04,1.0,26.854414,0,0,41836.723,38353.6,0.0,0.0,14.277983
2023-02-05,1.0,26.76275,0,0,41870.758,38085.8,0.0,0.0,13.779114
2023-02-06,1.0,28.719,0,0,41905.016,37282.656,0.0,0.0,13.049689
2023-02-07,2.0,28.74608,0,0,41939.523,36000.0,0.0,0.0,14.264361
2023-02-08,0.0,29.06275,0,0,41974.617,38544.21,0.0,0.0,17.309975
2023-02-09,1.0,29.364838,0,0,42010.31,38561.79,0.0,0.0,13.661038
2023-02-10,2.0,30.685663,0,0,42046.566,38484.02,0.0,0.0,11.966954
2023-02-11,0.0,31.854416,0,0,42083.344,38483.895,0.0,0.0,11.177405
2023-02-12,0.0,30.650246,0,0,42120.6,38621.445,0.0,0.0,18.59845
2023-02-13,1.0,29.831495,0,0,42158.3,38483.773,0.0,0.0,19.483284
2023-02-14,1.0,29.483583,0,0,42196.402,38666.39,0.0,0.0,22.26477
2023-02-15,3.0,29.010666,0,0,42234.867,36254.777,0.0,0.0,20.240196
2023-02-16,3.0,28.408583,0,0,42273.66,23730.486,0.0,0.0,17.339897
2023-02-17,3.0,28.798166,0,0,42312.742,34549.285,0.0,0.0,14.869351
2023-02-18,2.0,28.431496,0,0,42352.074,38759.29,0.0,0.0,16.394829
2023-02-19,2.0,28.310667,0,0,42391.62,38793.555,0.0,0.0,15.4800005
2023-02-20,0.0,28.908585,0,0,42431.35,38821.082,0.0,0.0,15.893093
2023-02-21,0.0,29.419,0,0,42471.227,38849.176,0.0,0.0,16.039202
2023-02-22,1.0,29.825249,0,0,42511.207,38877.79,0.0,0.0,15.683776
2023-02-23,0.0,29.993998,0,0,42551.26,38906.86,0.0,0.0,12.015589
2023-02-24,0.0,31.327332,0,0,42591.36,38936.344,0.0,0.0,13.004922
2023-02-25,1.0,30.05858,0,0,42631.457,38966.184,0.0,0.0,15.7908325
2023-02-26,1.0,29.727333,0,0,42671.53,38996.33,0.0,0.0,15.546833
2023-02-27,1.0,29.841917,0,0,42711.6,39026.773,0.0,0.0,14.336861
2023-02-28,1.0,29.808584,0,0,42751.992,39047.195,0.0,0.0,17.373497
2023-03-01,0.0,30.364832,0,0,42792.74,39090.375,0.0,0.0,15.546833
2023-03-02,1.0,30.385664,0,0,42833.797,39123.57,0.0,0.0,20.326454
2023-03-03,0.0,30.179413,0,0,42875.14,39157.594,0.0,0.0,16.42247
2023-03-04,1.0,30.393997,0,0,42916.746,39192.37,0.0,0.0,13.202726
2023-03-05,1.0,31.194,0,0,42958.57,39227.83,0.0,0.0,15.256526
2023-03-06,1.0,31.364832,0,0,43000.582,38903.168,0.0,0.0,20.63023
2023-03-07,1.0,30.629416,0,0,43042.754,30449.018,0.0,0.0,17.84816
2023-03-08,1.0,29.975252,0,0,43085.06,36702.85,0.0,0.0,20.364674
2023-03-09,1.0,29.579416,0,0,43127.46,39374.953,0.0,0.0,17.429354
2023-03-10,1.0,31.141916,0,0,43169.934,39412.69,0.0,0.0,15.9134655
2023-03-11,1.0,31.919,0,0,43212.44,39450.66,0.0,0.0,12.245294
2023-03-12,1.0,32.714832,0,0,43254.96,26029.193,0.0,0.0,11.480557
2023-03-13,1.0,31.8565,0,0,43297.46,38895.344,0.0,0.0,13.5515
2023-03-14,2.0,32.67525,0,0,43339.91,35242.71,0.0,0.0,15.0038395
2023-03-15,2.0,32.433582,0,0,43382.277,32830.0,0.0,0.0,17.974781
2023-03-16,2.0,32.527332,0,0,43424.53,39600.0,0.0,0.0,13.441071
2023-03-17,2.0,32.75442,0,0,43466.645,39600.0,0.0,0.0,15.646544
2023-03-18,0.0,31.3815,0,0,43508.586,39600.0,0.0,0.0,18.1041
2023-03-19,0.0,30.537745,0,0,43550.387,39600.0,0.0,0.0,10.483357
2023-03-20,1.0,30.987745,0,0,43592.332,39600.0,0.0,0.0,12.783802
2023-03-21,0.0,30.912745,0,0,43634.465,39600.0,0.0,0.0,11.966954
2023-03-22,3.0,31.002333,0,0,43676.75,38639.926,0.0,0.0,10.799999
2023-03-23,2.0,30.539831,0,0,43719.16,39384.01,0.0,0.0,19.513195
2023-03-24,53.0,30.750252,0,0,43761.668,36087.37,1.0,3.0,17.566378
2023-03-25,2.0,32.012753,0,0,43804.25,38461.758,0.0,0.0,13.138765
2023-03-26,1.0,31.181498,0,0,43846.87,39600.0,0.0,0.0,16.215992
2023-03-27,1.0,31.348166,0,0,43889.51,39600.0,0.0,0.0,12.819235
2023-03-28,1.0,32.30233,0,0,43932.14,39600.0,0.0,0.0,12.819235
2023-03-29,51.0,30.914831,0,0,43974.727,39600.0,0.2,1.0,17.786331
2023-03-30,2.0,31.106499,0,0,44017.246,38310.016,0.0,0.0,20.898611
2023-03-31,2.0,32.752335,0,0,44059.668,32463.637,0.0,0.0,21.900904
2023-04-01,2.0,32.28775,0,0,44101.965,39600.0,0.0,0.0,24.798223
2023-04-02,2.0,31.908577,0,0,44144.105,39600.0,0.0,0.0,17.727943
2023-04-03,3.0,31.70025,0,0,44186.066,36514.535,0.0,0.0,13.363711
2023-04-04,1.0,31.650246,0,0,44227.812,39600.0,0.0,0.0,12.758432
2023-04-05,1.0,32.779415,0,0,44269.312,39600.0,0.0,0.0,15.175612
2023-04-06,1.0,31.87525,0,0,44310.547,39600.0,0.0,0.0,20.26899
2023-04-07,2.0,31.425247,0,0,44351.47,39600.0,0.0,0.0,24.48
2023-04-08,3.0,30.452332,0,0,44392.113,39600.0,0.0,0.0,17.581125
2023-04-09,53.0,29.866913,0,0,44432.758,24614.574,1.0,2.0,29.179993
2023-04-10,3.0,29.591913,0,0,44473.438,3855.7588,0.0,0.0,19.346441
2023-04-11,3.0,31.400253,0,0,44514.117,38723.55,0.0,0.0,24.18707
2023-04-12,3.0,31.600252,0,0,44554.766,39197.383,0.0,0.0,19.272614
2023-04-13,3.0,32.87317,0,0,44595.363,36000.0,0.0,0.0,17.826363
2023-04-14,1.0,33.17108,0,0,44635.88,39600.0,0.0,0.0,21.734581
2023-04-15,1.0,33.341915,0,0,44676.285,39600.0,0.0,0.0,17.399586
2023-04-16,1.0,32.67525,0,0,44716.543,39600.0,0.0,0.0,13.039754
2023-04-17,1.0,32.762753,0,0,44756.633,39600.0,0.0,0.0,16.42247
2023-04-18,2.0,33.216915,0,0,44796.523,36000.0,0.0,0.0,19.559633
2023-04-19,2.0,33.500248,0,0,44836.18,37363.707,0.0,0.0,15.021105
2023-04-20,3.0,34.58984,0,0,44875.58,39600.0,0.0,0.0,18.11841
2023-04-21,3.0,34.37733,0,0,44914.676,34038.242,0.0,0.0,20.620804
2023-04-22,3.0,33.97525,0,0,44953.45,39600.0,0.0,0.0,16.279802
2023-04-23,2.0,33.210667,0,0,44991.863,38516.953,0.0,0.0,20.5484
2023-04-24,0.0,33.518997,0,0,45029.89,39600.0,0.0,0.0,16.923828
2023-04-25,2.0,34.30025,0,0,45067.484,39600.0,0.0,0.0,20.26899
2023-04-26,1.0,32.92525,0,0,45104.62,38548.25,0.0,0.0,16.394829
2023-04-27,1.0,32.8815,0,0,45141.26,39600.0,0.0,0.0,19.242327
2023-04-28,1.0,33.40858,0,0,45177.418,39600.0,0.0,0.0,15.39184
2023-04-29,0.0,32.60233,0,0,45213.375,38560.242,0.0,0.0,19.453327
2023-04-30,2.0,32.65859,0,0,45249.14,39600.0,0.0,0.0,18.847641
2023-05-01,51.0,31.981504,0,0,45284.695,32934.453,0.2,1.0,19.245697
2023-05-02,2.0,32.950245,0,0,45319.996,37457.402,0.0,0.0,12.9249525
2023-05-03,2.0,32.864838,0,0,45355.03,39600.0,0.0,0.0,13.849476
2023-05-04,51.0,31.821085,0,0,45389.754,37225.24,0.4,1.0,16.981165
2023-05-05,2.0,30.666918,0,0,45424.15,36090.055,0.0,0.0,22.148045
2023-05-06,3.0,32.679417,0,0,45458.17,36418.082,0.0,0.0,18.204042
2023-05-07,61.0,31.735666,0,0,45491.797,27618.41,3.1,3.0,19.8
2023-05-08,61.0,25.189833,0,0,45524.984,10627.291,6.9,8.0,25.38702
2023-05-09,3.0,31.348166,0,0,45557.715,23854.443,0.0,0.0,15.141414
2023-05-10,1.0,33.356503,0,0,45589.945,30771.312,0.0,0.0,14.372974
2023-05-11,1.0,34.319,0,0,45621.65,39600.0,0.0,0.0,14.003028
2023-05-12,2.0,33.341915,0,0,45652.78,39600.0,0.0,0.0,17.727943
2023-05-13,51.0,33.131496,0,0,45683.316,36986.51,0.3,1.0,18.278645
2023-05-14,65.0,27.135668,0,0,45713.21,16793.11,40.899998,11.0,18.72346
2023-05-15,65.0,29.575247,0,0,45742.438,39600.0,9.0,2.0,15.273505
2023-05-16,51.0,30.171083,0,0,45770.957,37874.75,0.1,1.0,15.277749
2023-05-17,65.0,30.044,0,0,45798.74,37329.08,12.800001,3.0,18.861387
2023-05-18,53.0,27.427332,0,0,45825.773,0.0,2.0,6.0,18.504139
2023-05-19,61.0,29.404413,0,0,45852.3,26292.883,2.5,4.0,14.799459
2023-05-20,3.0,30.258585,0,0,45878.33,38833.312,0.0,0.0,15.141414
2023-05-21,61.0,28.310667,0,0,45903.832,7339.8354,3.0,3.0,15.629971
2023-05-22,3.0,29.806501,0,0,45928.793,28775.121,0.0,0.0,14.003028
2023-05-23,65.0,29.68358,0,0,45953.18,26412.578,9.3,1.0,12.245293
2023-05-24,51.0,31.493996,0,0,45976.973,39600.0,0.1,1.0,11.91812
2023-05-25,65.0,25.575249,0,0,46000.137,0.0,35.999992,11.0,14.255272
2023-05-26,1.0,28.696085,0,0,46022.656,39691.24,0.0,0.0,12.475961
2023-05-27,1.0,29.82525,0,0,46044.496,37482.168,0.0,0.0,15.986593
2023-05-28,1.0,30.689835,0,0,46065.645,33336.09,0.0,0.0,18.345877
2023-05-29,1.0,31.041916,0,0,46086.06,39600.0,0.0,0.0,10.799999
2023-05-30,1.0,32.083584,0,0,46105.72,39600.0,0.0,0.0,20.380579
2023-05-31,3.0,29.583588,0,0,46124.598,27099.053,0.0,0.0,18.899143
2023-06-01,51.0,30.666916,0,0,46142.676,36581.668,0.1,1.0,12.88981
2023-06-02,53.0,31.221083,0,0,46159.918,38122.035,0.6,1.0,16.418526
2023-06-03,2.0,31.069,0,0,46176.3,39333.33,0.0,0.0,22.473343
2023-06-04,51.0,31.235664,0,0,46191.797,36579.39,0.1,1.0,19.813087
2023-06-05,63.0,28.521082,0,0,46206.383,10051.418,4.7,5.0,18.416384
2023-06-06,1.0,30.67317,0,0,46220.023,39600.0,0.0,0.0,17.25373
2023-06-07,2.0,32.10025,0,0,46232.727,39453.113,0.0,0.0,16.418526
2023-06-08,2.0,31.954414,0,0,46244.594,39600.0,0.0,0.0,17.462782
2023-06-09,1.0,32.093998,0,0,46255.637,39600.0,0.0,0.0,16.279802
2023-06-10,1.0,32.352333,0,0,46265.855,39600.0,0.0,0.0,18.175545
2023-06-11,65.0,28.112747,0,0,46275.234,13445.146,20.1,6.0,29.808346
2023-06-12,61.0,28.512749,0,0,46283.777,25409.36,1.9000001,3.0,15.141414
2023-06-13,63.0,26.783585,0,0,46291.465,22954.754,10.400001,7.0,12.904882
2023-06-14,53.0,27.987753,0,0,46298.3,35074.54,1.8,3.0,15.7908325
2023-06-15,61.0,28.241919,0,0,46304.277,30676.15,3.1,4.0,13.217443
2023-06-16,65.0,28.646082,0,0,46309.387,33496.598,8.5,1.0,13.70839
2023-06-17,51.0,28.021082,0,0,46313.625,21075.842,0.1,1.0,14.512064
2023-06-18,3.0,28.246078,0,0,46316.984,19942.77,0.0,0.0,13.708391
2023-06-19,51.0,30.037748,0,0,46319.46,39767.418,0.3,2.0,14.20062
2023-06-20,3.0,29.173166,0,0,46321.055,37350.508,0.0,0.0,18.388212
2023-06-21,63.0,29.36275,0,0,46321.754,39600.0,5.2,2.0,17.25373
2023-06-22,63.0,29.23775,0,0,46321.566,39758.824,4.2,1.0,13.0447235
2023-06-23,65.0,26.887747,0,0,46320.473,29992.758,23.8,7.0,14.007655
2023-06-24,51.0,29.0065,0,0,46318.484,40012.633,0.1,1.0,16.171976
2023-06-25,63.0,26.650248,0,0,46315.586,24517.516,6.7999997,4.0,17.313717
2023-06-26,2.0,27.789827,0,0,46311.78,37969.156,0.0,0.0,12.096214
2023-06-27,63.0,26.66275,0,0,46307.062,26831.18,17.099998,7.0,17.0763
2023-06-28,51.0,26.96692,0,0,46301.363,17116.596,0.5,2.0,14.458382
2023-06-29,61.0,27.414831,0,0,46294.707,35182.625,2.9999998,4.0,20.275383
2023-06-30,51.0,25.858587,0,0,46287.1,7306.748,0.70000005,4.0,10.661107
2023-07-01,63.0,26.643997,0,0,46278.574,36000.0,3.0,1.0,10.308831
2023-07-02,51.0,27.598167,0,0,46269.133,33061.215,0.5,2.0,10.739833
2023-07-03,51.0,27.80233,0,0,46258.805,32400.0,0.1,1.0,12.287555
2023-07-04,55.0,28.612747,0,0,46247.6,34925.03,1.0,1.0,15.379206
2023-07-05,53.0,29.060669,0,0,46235.55,39593.184,0.5,1.0,11.304229
2023-07-06,51.0,27.500246,0,0,46222.66,30883.201,0.2,1.0,10.97262
2023-07-07,51.0,28.241915,0,0,46208.965,40122.777,0.4,1.0,11.212135
2023-07-08,2.0,27.88775,0,0,46194.473,35019.48,0.0,0.0,15.990646
2023-07-09,65.0,28.733582,0,0,46179.207,34600.66,14.0,3.0,10.086427
2023-07-10,63.0,29.012747,0,0,46163.184,39855.445,10.900001,5.0,15.256526
2023-07-11,55.0,26.993998,0,0,46146.426,27859.006,1.9000001,4.0,7.5942073
2023-07-12,63.0,28.925247,0,0,46128.953,40117.29,12.2,3.0,11.792404
2023-07-13,65.0,27.3565,0,0,46110.79,28800.0,20.099998,3.0,10.931203
2023-07-14,51.0,27.648172,0,0,46091.95,40247.453,0.4,1.0,15.484185
2023-07-15,61.0,26.964834,0,0,46072.45,39600.0,4.2000003,3.0,15.192682
2023-07-16,63.0,25.944,0,0,46052.32,31762.91,27.8,17.0,12.682018
2023-07-17,61.0,26.139832,0,0,46031.535,37170.258,2.1,4.0,11.592895
2023-07-18,63.0,27.037752,0,0,46009.906,36907.19,6.9999995,4.0,11.457958
2023-07-19,63.0,27.200249,0,0,45987.44,35169.293,18.1,5.0,13.849476
2023-07-20,51.0,27.900251,0,0,45964.17,40505.61,0.1,1.0,14.291592
2023-07-21,51.0,28.852335,0,0,45940.12,40765.06,0.5,2.0,14.081477
2023-07-22,53.0,28.185667,0,0,45915.332,39600.0,0.90000004,2.0,15.03835
2023-07-23,63.0,25.446085,0,0,45889.84,31314.088,7.4,7.0,13.441071
2023-07-24,53.0,26.202332,0,0,45863.668,19187.01,2.1999998,7.0,11.4862
2023-07-25,61.0,26.348167,0,0,45836.86,35124.934,2.8999999,6.0,13.684735
2023-07-26,61.0,27.352335,0,0,45809.44,35482.99,4.0,3.0,12.758432
2023-07-27,51.0,28.814827,0,0,45781.445,40373.0,0.2,2.0,9.565437
2023-07-28,65.0,25.419,0,0,45752.902,2912.4558,23.500002,15.0,19.346441
2023-07-29,55.0,26.412748,0,0,45723.848,31830.516,1.7,5.0,15.778516
2023-07-30,65.0,25.308584,0,0,45694.31,23798.916,16.2,7.0,11.592894
2023-07-31,51.0,27.24608,0,0,45664.316,36269.12,0.4,4.0,16.548256
2023-08-01,61.0,27.256498,0,0,45633.902,39996.7,4.1,6.0,14.565548
2023-08-02,53.0,25.587751,0,0,45603.098,8694.295,1.0,4.0,12.245293
2023-08-03,51.0,26.2065,0,0,45571.926,27331.984,0.1,1.0,12.984975
2023-08-04,0.0,27.689837,0,0,45540.42,40249.438,0.0,0.0,11.592894
2023-08-05,1.0,28.47525,0,0,45508.61,36895.984,0.0,0.0,13.783817
2023-08-06,61.0,26.139837,0,0,45476.473,14045.034,4.2999997,4.0,15.986593
2023-08-07,65.0,24.919,0,0,45443.758,23753.543,15.7,10.0,12.599999
2023-08-08,55.0,26.829416,0,0,45410.453,32850.746,3.6000001,6.0,18.416384
2023-08-09,51.0,27.700254,0,0,45376.59,37608.047,0.5,2.0,12.620554
2023-08-10,55.0,25.539835,0,0,45342.21,10724.818,4.3999996,9.0,17.581125
2023-08-11,61.0,25.246084,0,0,45307.34,36118.66,4.1,10.0,16.135872
2023-08-12,63.0,25.712748,0,0,45272.023,38113.223,10.200002,11.0,10.805998
2023-08-13,63.0,23.648165,0,0,45236.28,595.8218,17.599998,15.0,14.205182
2023-08-14,51.0,25.083582,0,0,45200.156,15537.59,0.4,3.0,13.004922
2023-08-15,51.0,25.221083,0,0,45163.676,25784.922,0.8000001,7.0,15.042659
2023-08-16,51.0,25.319,0,0,45126.875,28949.89,0.2,2.0,15.629971
2023-08-17,55.0,25.614832,0,0,45089.785,36300.8,3.5,8.0,19.107151
2023-08-18,61.0,26.085669,0,0,45052.438,36407.793,6.9999995,11.0,11.4862
2023-08-19,53.0,25.477333,0,0,45014.85,36869.1,2.7000003,11.0,16.08761
2023-08-20,51.0,26.452337,0,0,44977.074,37392.91,0.3,3.0,13.556282
2023-08-21,63.0,26.431498,0,0,44939.12,39600.0,8.5,5.0,14.021525
2023-08-22,65.0,25.421083,0,0,44901.03,24982.057,14.8,9.0,8.854829
2023-08-23,63.0,26.525248,0,0,44862.824,38190.902,7.7000003,4.0,9.449572
2023-08-24,53.0,26.031502,0,0,44824.54,32400.0,1.6000001,6.0,11.165805
2023-08-25,51.0,27.98775,0,0,44786.19,39739.07,0.4,2.0,9.007196
2023-08-26,51.0,28.441916,0,0,44747.766,39600.0,0.1,1.0,24.472057
2023-08-27,55.0,25.173164,0,0,44708.992,6274.998,4.3999996,13.0,19.35314
2023-08-28,63.0,25.716919,0,0,44669.855,39600.0,9.9,5.0,15.0038395
2023-08-29,61.0,24.644,0,0,44630.38,17656.408,5.8999996,11.0,9.779817
2023-08-30,51.0,25.994001,0,0,44590.594,38728.406,0.8000001,5.0,12.245293
2023-08-31,63.0,25.35025,0,0,44550.53,17417.496,3.9999998,4.0,17.935081
2023-09-01,3.0,27.146082,0,0,44510.227,39679.65,0.0,0.0,6.4096174
2023-09-02,63.0,27.164831,0,0,44469.703,35823.58,6.8999996,2.0,12.819235
2023-09-03,65.0,24.433586,0,0,44428.98,14478.427,15.700001,12.0,12.303366
2023-09-04,61.0,24.860666,0,0,44388.1,36241.633,4.5999994,10.0,9.793058
2023-09-05,51.0,26.050253,0,0,44347.09,39600.0,0.2,2.0,15.277749
2023-09-06,63.0,25.039835,0,0,44305.965,35140.984,9.3,12.0,10.44
2023-09-07,63.0,26.235664,0,0,44264.766,39600.0,15.400002,12.0,13.797913
2023-09-08,51.0,27.191916,0,0,44223.504,39600.0,0.3,1.0,8.825508
2023-09-09,63.0,24.279419,0,0,44182.22,21327.566,17.300001,10.0,15.575981
2023-09-10,61.0,25.110666,0,0,44140.93,36068.477,2.5,7.0,11.966953
2023-09-11,3.0,26.42733,0,0,44099.668,39600.0,0.0,0.0,8.473393
2023-09-12,51.0,28.039833,0,0,44058.45,39600.0,0.1,1.0,10.931203
2023-09-13,63.0,26.087748,0,0,44017.312,11399.069,5.7999997,5.0,15.94601
2023-09-14,51.0,26.252335,0,0,43976.277,38379.4,0.1,1.0,13.281023
2023-09-15,61.0,26.125252,0,0,43935.316,30623.379,2.9,7.0,9.0
2023-09-16,51.0,25.514837,0,0,43894.152,27160.273,1.1,7.0,10.086427
2023-09-17,65.0,24.991919,0,0,43852.77,25200.0,10.3,5.0,14.759999
2023-09-18,51.0,24.827333,0,0,43811.195,19193.672,0.5,2.0,11.435313
2023-09-19,1.0,26.237753,0,0,43769.457,39600.0,0.0,0.0,13.722565
2023-09-20,51.0,26.864832,0,0,43727.58,39600.0,0.3,1.0,11.119281
2023-09-21,63.0,26.435669,0,0,43685.59,39600.0,6.8999996,4.0,10.086427
2023-09-22,65.0,26.048166,0,0,43643.516,31152.799,10.900001,4.0,10.948973
2023-09-23,53.0,26.860666,0,0,43601.39,39600.0,1.2,5.0,11.659777
2023-09-24,51.0,27.100248,0,0,43559.23,38523.465,0.6,2.0,17.462784
2023-09-25,2.0,27.877333,0,0,43517.074,38007.203,0.0,0.0,8.209263
2023-09-26,63.0,26.70858,0,0,43474.938,31096.2,12.8,5.0,13.1041975
2023-09-27,1.0,28.533585,0,0,43432.848,39600.0,0.0,0.0,6.8399997
2023-09-28,63.0,28.052332,0,0,43390.844,34795.777,4.3999996,2.0,12.758432
2023-09-29,1.0,28.189835,0,0,43348.94,39600.0,0.0,0.0,12.261157
2023-09-30,51.0,27.471083,0,0,43307.164,37679.918,0.5,3.0,18.03237
2023-10-01,53.0,27.539833,0,0,43265.55,36096.047,0.7,1.0,19.881649
2023-10-02,51.0,28.264832,0,0,43224.12,36884.414,0.3,2.0,6.696387
2023-10-03,51.0,27.829414,0,0,43182.906,39600.0,0.1,1.0,9.0
2023-10-04,2.0,28.148165,0,0,43141.926,31917.133,0.0,0.0,9.085988
2023-10-05,1.0,28.154413,0,0,43101.16,39530.906,0.0,0.0,16.327497
2023-10-06,2.0,28.452333,0,0,43060.316,39492.754,0.0,0.0,19.171478
2023-10-07,51.0,28.10025,0,0,43019.36,31099.955,0.6,3.0,16.946787
2023-10-08,51.0,28.50025,0,0,42978.332,38613.44,0.1,1.0,17.22742
2023-10-09,51.0,27.996086,0,0,42937.25,39378.56,0.6,2.0,12.10157
2023-10-10,3.0,28.95025,0,0,42896.156,37731.29,0.0,0.0,10.195057
2023-10-11,3.0,29.23775,0,0,42855.08,38473.72,0.0,0.0,12.43434
2023-10-12,3.0,27.841913,0,0,42814.047,23719.602,0.0,0.0,10.966713
2023-10-13,3.0,29.304419,0,0,42773.09,39229.4,0.0,0.0,9.793058
2023-10-14,53.0,28.298166,0,0,42732.242,36995.938,0.9,2.0,18.391735
2023-10-15,1.0,28.777334,0,0,42691.53,39157.344,0.0,0.0,14.84318
2023-10-16,1.0,28.25025,0,0,42650.992,39122.18,0.0,0.0,9.885262
2023-10-17,63.0,25.908583,0,0,42610.656,21371.766,6.8,3.0,16.09969
2023-10-18,1.0,28.991913,0,0,42570.555,39053.93,0.0,0.0,13.684735
2023-10-19,1.0,29.735666,0,0,42530.72,36632.94,0.0,0.0,10.538843
2023-10-20,51.0,28.72525,0,0,42491.19,37780.066,0.1,1.0,15.463244
2023-10-21,61.0,28.298166,0,0,42451.992,37783.824,3.1,3.0,12.224107
2023-10-22,53.0,28.452332,0,0,42413.16,38776.906,0.7,1.0,11.384199
2023-10-23,55.0,28.333582,0,0,42374.734,34020.22,1.1,1.0,14.20062
2023-10-24,1.0,28.681498,0,0,42336.742,32761.238,0.0,0.0,15.463244
2023-10-25,1.0,29.069002,0,0,42299.164,38843.895,0.0,0.0,9.085988
2023-10-26,1.0,28.296083,0,0,42261.684,38817.617,0.0,0.0,8.78872
2023-10-27,1.0,28.30025,0,0,42224.258,34502.7,0.0,0.0,10.315115
2023-10-28,51.0,27.404419,0,0,42186.938,34347.883,0.5,3.0,9.504273
2023-10-29,51.0,27.07525,0,0,42149.754,26136.508,0.1,1.0,11.165805
2023-10-30,1.0,28.36275,0,0,42112.74,38224.004,0.0,0.0,9.693296
2023-10-31,1.0,28.821081,0,0,42075.93,38695.91,0.0,0.0,11.525623
2023-11-01,1.0,28.514832,0,0,42039.367,37129.977,0.0,0.0,9.826088
2023-11-02,2.0,29.089834,0,0,42003.086,36997.355,0.0,0.0,9.504272
2023-11-03,1.0,28.821081,0,0,41967.113,38632.02,0.0,0.0,10.365251
2023-11-04,1.0,27.702333,0,0,41931.504,38612.492,0.0,0.0,12.261157
2023-11-05,1.0,28.329416,0,0,41896.285,38230.723,0.0,0.0,9.0
2023-11-06,1.0,29.316917,0,0,41861.5,38367.195,0.0,0.0,8.78872
2023-11-07,2.0,29.685663,0,0,41827.19,37422.285,0.0,0.0,10.00256
2023-11-08,3.0,29.0315,0,0,41793.39,38503.824,0.0,0.0,9.290511
2023-11-09,1.0,28.098166,0,0,41760.14,38529.93,0.0,0.0,9.504272
2023-11-10,1.0,28.31275,0,0,41727.49,38102.215,0.0,0.0,10.30883
2023-11-11,1.0,28.346083,0,0,41695.47,38238.04,0.0,0.0,10.383987
2023-11-12,1.0,28.302332,0,0,41664.13,38494.023,0.0,0.0,16.595179
2023-11-13,1.0,28.079416,0,0,41633.504,38484.594,0.0,0.0,18.792551
2023-11-14,1.0,27.833586,0,0,41603.594,38476.46,0.0,0.0,17.026896
2023-11-15,0.0,27.521082,0,0,41574.074,38469.54,0.0,0.0,16.454008
2023-11-16,0.0,27.854414,0,0,41544.92,38463.805,0.0,0.0,14.512064
2023-11-17,1.0,28.537748,0,0,41516.17,38115.57,0.0,0.0,17.782688
2023-11-18,2.0,29.844,0,0,41487.87,37582.68,0.0,0.0,15.546833
2023-11-19,3.0,29.823166,0,0,41460.035,38453.566,0.0,0.0,19.245697
2023-11-20,1.0,29.252333,0,0,41432.71,36000.0,0.0,0.0,16.75064
2023-11-21,0.0,28.323168,0,0,41405.93,38452.375,0.0,0.0,15.546833
2023-11-22,1.0,27.314833,0,0,41379.727,38453.42,0.0,0.0,12.72283
2023-11-23,1.0,26.610666,0,0,41354.145,38455.547,0.0,0.0,10.594036
2023-11-24,1.0,26.4065,0,0,41329.22,38458.73,0.0,0.0,10.182337
2023-11-25,1.0,26.241919,0,0,41304.977,38462.96,0.0,0.0,9.290511
2023-11-26,1.0,26.652334,0,0,41281.46,36251.727,0.0,0.0,9.178235
2023-11-27,1.0,27.243998,0,0,41258.715,38474.492,0.0,0.0,9.0
2023-11-28,0.0,28.414833,0,0,41236.77,38481.773,0.0,0.0,11.631956
2023-11-29,3.0,28.789833,0,0,41215.67,38490.035,0.0,0.0,13.397612
2023-11-30,1.0,28.527334,0,0,41195.45,38499.28,0.0,0.0,10.464798
2023-12-01,1.0,29.191912,0,0,41176.145,38509.484,0.0,0.0,14.986553
2023-12-02,1.0,29.27317,0,0,41157.797,37043.812,0.0,0.0,17.076298
2023-12-03,1.0,28.973166,0,0,41140.445,38475.01,0.0,0.0,19.353138
2023-12-04,1.0,28.173166,0,0,41124.094,38456.25,0.0,0.0,17.208603
2023-12-05,0.0,27.45025,0,0,41108.527,38438.527,0.0,0.0,11.988594
2023-12-06,0.0,26.70858,0,0,41093.746,38421.668,0.0,0.0,10.948973
2023-12-07,0.0,27.166914,0,0,41079.754,38405.684,0.0,0.0,12.7279215
2023-12-08,1.0,27.469002,0,0,41066.562,38390.59,0.0,0.0,17.418196
2023-12-09,1.0,27.391914,0,0,41054.2,38078.71,0.0,0.0,20.188908
2023-12-10,1.0,26.231499,0,0,41042.676,38363.2,0.0,0.0,13.849477
2023-12-11,0.0,25.783583,0,0,41032.004,38350.926,0.0,0.0,14.84318
2023-12-12,0.0,25.602333,0,0,41022.203,38339.64,0.0,0.0,14.618837
2023-12-13,0.0,25.073166,0,0,41013.293,38329.35,0.0,0.0,14.561099
2023-12-14,0.0,24.396078,0,0,41005.273,38320.08,0.0,0.0,13.556282
2023-12-15,0.0,24.8815,0,0,40998.18,38311.848,0.0,0.0,16.45007
2023-12-16,1.0,25.796082,0,0,40992.008,38304.67,0.0,0.0,16.09969
2023-12-17,1.0,25.796083,0,0,40986.785,35471.383,0.0,0.0,15.941944
2023-12-18,1.0,25.029413,0,0,40982.527,33604.938,0.0,0.0,17.786331
2023-12-19,1.0,21.921082,0,0,40979.24,38289.66,0.0,0.0,16.08761
2023-12-20,1.0,20.760668,0,0,40976.934,38286.887,0.0,0.0,15.281989
2023-12-21,1.0,21.212751,0,0,40975.63,37582.4,0.0,0.0,15.379206
2023-12-22,0.0,22.671083,0,0,40975.34,38284.777,0.0,0.0,11.923557
2023-12-23,1.0,25.273169,0,0,40976.08,38285.477,0.0,0.0,11.659777
2023-12-24,1.0,27.266916,0,0,40977.855,32726.07,0.0,0.0,14.618837
2023-12-25,1.0,26.791916,0,0,40980.69,38291.195,0.0,0.0,14.182355
2023-12-26,1.0,26.108583,0,0,40984.56,38295.95,0.0,0.0,14.264361
2023-12-27,0.0,25.094,0,0,40989.453,38301.88,0.0,0.0,13.32
2023-12-28,0.0,25.152336,0,0,40995.35,38308.95,0.0,0.0,11.966953
2023-12-29,0.0,25.114836,0,0,41002.24,38317.15,0.0,0.0,15.937878
2023-12-30,0.0,24.839834,0,0,41010.098,38326.445,0.0,0.0,14.113653
2023-12-31,1.0,25.793999,0,0,41018.91,38336.824,0.0,0.0,13.276144
